<?xml version="1.0" encoding="UTF-8" standalone="yes"?>
<addon id="plugin.video.vdr.recordings" name="VDR Recordings" version="0.3.1" provider-name="Markus Ehrnsperger">
  <requires>
    <import addon="xbmc.python" version="2.25.0"/>
  </requires>
  <extension point="xbmc.python.pluginsource" library="resources/lib/addon.py">
    <provides>video</provides>
  </extension>
  <extension point="xbmc.addon.metadata">
    <summary lang="en_GB">Play VDR recordings</summary>
    <description lang="en_GB">Currently beta</description>
    <disclaimer lang="en_GB"></disclaimer>
    <language></language>
    <platform>all</platform>
    <license>Copyright: GNU GPLv3</license>
    <forum></forum>
    <website>https://github.com/MarkusEh/plugin.video.vdr.recordings/wiki</website>
    <email></email>
    <source>https://github.com/MarkusEh/plugin.video.vdr.recordings</source>
    <news>
v0.3.1
- type fixed xbmcvfs.exist -> xbmcvfs.exists
v0.3.0
- support xbmcvfs
v0.2.4
- ignore missing index files
v0.2.3
- change: Delete now permanently deletes a recording. There is a confirmation popup
- new: Move of recordings
v0.2.2
- support nun-integer framerates
- support marks.txt
v0.2.1
- Also support marks.vdr
v0.2.0
- Support marks, create comskip file
v0.1.3
- Movies: Support year
v0.1.2
- TV shows: To aviod issue with KODI scrapper, TV shows are now flat (no subfolders).
- Add search entry in context menu  
v0.1.1  
- Added support for KODI libraries
    </news>
    <assets>
        <icon></icon>
        <fanart></fanart>
        <banner></banner>
        <clearlogo></clearlogo>
        <screenshot></screenshot>
    </assets>
  </extension>
</addon>
