<?xml version="1.0" encoding="UTF-8" standalone="yes"?>
<addon id="plugin.video.vdr.recordings" name="VDR Recordings" version="0.1.0" provider-name="Markus">
  <requires>
    <import addon="xbmc.python" version="2.25.0"/>
  </requires>
  <extension point="xbmc.python.pluginsource" library="resources/lib/addon.py">
    <provides>video</provides>
  </extension>
  <extension point="xbmc.addon.metadata">
    <summary lang="en_GB">Play VDR recordings</summary>
    <description lang="en_GB">Currently beta</description>
    <disclaimer lang="en_GB"></disclaimer>
    <language></language>
    <platform>all</platform>
    <license>Copyright: GNU GPLv3</license>
    <forum></forum>
    <website>https://github.com/MarkusEh/plugin.video.vdr.recordings/wiki</website>
    <email></email>
    <source>https://github.com/MarkusEh/plugin.video.vdr.recordings</source>
    <news></news>
    <assets>
        <icon></icon>
        <fanart></fanart>
        <banner></banner>
        <clearlogo></clearlogo>
        <screenshot></screenshot>
    </assets>
  </extension>
</addon>
